ubicacion,fecha,puntuacion,titulo_comentario,comentario_negativo,comentario_positivo,etiquetas,cantidad_comentarios,nacionalidad
Vitoria,Escrito en 22 de diciembre de 2025,"8,0",Juan,"Las habitaciones, se suponía que constaba el apartamento de dos habitaciones grandes y eso no fue lo que encontramos",La ubicación,Viaje de ocio | Grupo | Apartamento de 2 dormitorios | Estancia de 1 noche,2 comentarios,España
Vitoria,Escrito en 21 de diciembre de 2025,10,Isaac,,"Alojamiento genial. Cocina completamente equipada, lavadora, microondas con grill. Baño nuevo, todo impecable.",Viaje de ocio | Familia con niños pequeños | Apartamento Estudio | Estancia de 3 noches | Enviado por móvil,,
Vitoria,Escrito en 12 de diciembre de 2025,"7,0",Montero,"No me gustó pagar un precio de 4 personas por un apartamento, y que tengan un sofá cama, que menos mal que íbamos personas jóvenes, porque sino, es imposible dormir ahí, por lo incómodo que era. Y tampoco me gustó el parking, ya que es un añadido a la reserva, no es barato a mi parecer, y el primer día que llegamos un poco mas tarde, nos las vimos y nos las deseamos para poder aparcar.","Lo que mas me gustó fue la ubicación ya que no estabas en pleno centro, pero muy cerquita para llegar andando.",Viaje de ocio | Familia con niños pequeños | Apartamento de 1 dormitorio | Estancia de 3 noches | Enviado por móvil,4 comentarios,España
Vitoria,Escrito en 11 de diciembre de 2025,"7,0",Gómez,"En mi reserva pone escritorio, y no tuve, viajo por trabajo y era una necesidad, tuve que trabajar en la encimera de la isla de la cocina con sillas altas sin respaldo y he acabado con dolor de espalda.
Tampoco había tostadora. Compre algo de pan para tostar y no lo pude hacer en la tostadora.",,Viaje de negocios | Persona que viaja sola | Apartamento Estudio | Estancia de 2 noches,3 comentarios,España
Vitoria,Escrito en 10 de diciembre de 2025,"9,0",Cristina,Lo único malo fue que el nórdico del sofá cama era de 90cm cuando la cama era mucho más ancha,"Ubicación excelente. Muy limpio, la cama muy cómoda.
La cocina pequeña pero tenía de todo, hasta lavavajillas y lavadora
Luminoso",Viaje de ocio | Familia con niños pequeños | Apartamento de 1 dormitorio | Estancia de 3 noches | Enviado por móvil,19 comentarios,España
Vitoria,Escrito en 8 de diciembre de 2025,10,Manuel,Almohadas,Limpieza y decoración,Viaje de ocio | Familia con niños pequeños | Apartamento de 1 dormitorio | Estancia de 2 noches | Enviado por móvil,7 comentarios,España
Vitoria,Escrito en 8 de diciembre de 2025,"8,0",Jose,"El tener que hacer el check-in uno mismo, aunque no me resulto complicado, creo que seria mucho mejor el que habria alguna persona para poder hacerlo .El tener la salida a las 11h, normalmente las salida suele ser entre las 12 y 13 horas, aunque comprendo que hay que realizar limpieza, pero una hora mas estaria muy bien. Y el no tener una consigna o un lugar para poder dejar maletas, bien como servicio del alojamiento o bien de pago.","Me gusto, la limpieza, centrico. A 10 minutos ( o menos) del centro historico. Servicios como ( supermercado, cafeterias, restaurantes)  a 1 minuto",Viaje de ocio | Grupo | Apartamento de 1 dormitorio | Estancia de 2 noches,4 comentarios,España
Vitoria,Escrito en 8 de diciembre de 2025,"7,0",Elalbarracin,El olor a humo de la habitación. Pero como no hay recepción no puedes protestar a nadie.,Buena ubicación. Los baños perfectos. Las camas bien. El sofá cama una castaña.,Viaje de ocio | Familia con niños pequeños | Apartamento de 2 dormitorios | Estancia de 2 noches | Enviado por móvil,46 comentarios,España
Vitoria,Escrito en 7 de diciembre de 2025,"8,0",Gemma,"Hacía muchísima calor, aunque es diciembre pero en el apartamento hacía mucha calor .. por todo para mi fué perfecto ! Lo único la calefacción demasiado alta","Todo, la ubicación, lo fácil que es acceder y lo bien comunicado que está con todo",Viaje de ocio | Grupo | Apartamento de 1 dormitorio | Estancia de 1 noche | Enviado por móvil,13 comentarios,España
Vitoria,Escrito en 3 de diciembre de 2025,"9,0",Ane,"Al ser el octavo piso las ventanas solo se abre en batiente, por lo que pasamos un poco de calor.",Centrico y acogedor.,Viaje de negocios | Pareja | Apartamento de 1 dormitorio | Estancia de 5 noches | Enviado por móvil,30 comentarios,España
Vitoria,Escrito en 2 de diciembre de 2025,"9,0",Dolores,Nada,"La ubicación, la limpieza y la comodidad del apartamento. Muy fácil y muy rápido contactar con la conserjería 24 horas.",Viaje de ocio | Pareja | Apartamento Estudio | Estancia de 3 noches | Enviado por móvil,18 comentarios,España
Vitoria,Escrito en 2 de diciembre de 2025,"8,0",Elixabete,El sofa cama es muy incomodo.,,Viaje de ocio | Familia con niños pequeños | Apartamento de 2 dormitorios | Estancia de 2 noches | Enviado por móvil,4 comentarios,España
Vitoria,Escrito en 1 de diciembre de 2025,"7,0",Sanz,Un poco caro para lo que ofrece.,La ubicación,Viaje de ocio | Pareja | Apartamento Estudio | Estancia de 5 noches | Enviado por móvil,2 comentarios,España
Vitoria,Escrito en 28 de noviembre de 2025,10,Touriño,Nos gusto todo,Nos encantó,Viaje de ocio | Familia con niños pequeños | Apartamento de 1 dormitorio | Estancia de 1 noche | Enviado por móvil,31 comentarios,España
Vitoria,Escrito en 23 de noviembre de 2025,"7,0",Gloriadp,"El sofá cama era bastante incómodo,","El apartamento en general, bien distribuido y con todo lo necesario. Buena ubicación. Personal amable.",Viaje de ocio | Familia con niños pequeños | Apartamento de 1 dormitorio | Estancia de 2 noches | Enviado por móvil,25 comentarios,España
Vitoria,Escrito en 20 de noviembre de 2025,"9,0",Arantxa,,"Nos hospedamos con nuestra mascota y la sorpresa fue que nos pusieron una camita, y boles para la comida y el
agua además de un poco de comida. Todo un detalle. Gracias.",Viaje de ocio | Pareja | Apartamento Estudio | Estancia de 1 noche | Enviado por móvil,,
Vitoria,Escrito en 16 de noviembre de 2025,"8,0",Maria,"Sofá cama incómodo y no dejan ropa de abrigo (mantas, etc) en noviembre. La falta de personal hace perder calidez a la estancia y detalles como poder dejar el coche en el parking un ratito más resulten imposibles.","Bien ubicado. Bastante nuevo, la habitación principal cómoda.",Viaje de ocio | Grupo | Apartamento de 1 dormitorio | Estancia de 2 noches | Enviado por móvil,90 comentarios,España
Vitoria,Escrito en 16 de noviembre de 2025,10,Rocio,,"Estaba todo muy limpio, lo cual se agradece muchísimo, pack de bienvenida, más que de agradecer se nota la calidad de la habitación solo entrar. Para nosotros un 10, de echo, volvemos en una dos o tres semanas",Viaje de ocio | Familia con niños pequeños | Apartamento de 1 dormitorio | Estancia de 1 noche | Enviado por móvil,,
Vitoria,Escrito en 15 de noviembre de 2025,"9,0",Marisa,La única pega el sofá cama,"Muy buena ubicación, comodidad y buen trato",Viaje de ocio | Familia con niños pequeños | Apartamento de 1 dormitorio | Estancia de 5 noches | Enviado por móvil,15 comentarios,España
Vitoria,Escrito en 9 de noviembre de 2025,"8,0",Miriam,"No había detergente para la lavadora ni lavavajillas, pedimos y no les quedaba. En 7 días no pasaron a limpiar ninguna vez.","La ubicación, se aparca fácil por la zona. Para ir en familia haces uso de la cocina y lavadora.",Viaje de ocio | Familia con niños pequeños | Apartamento de 1 dormitorio | Estancia de 7 noches | Enviado por móvil,6 comentarios,España
Vitoria,Escrito en 9 de noviembre de 2025,"8,0",Vanesa,Sofá cama un poco incómodo.,La ubicación a 10 minutos del centro.,Viaje de ocio | Familia con niños pequeños | Apartamento de 1 dormitorio | Estancia de 1 noche | Enviado por móvil,13 comentarios,España
Vitoria,Escrito en 9 de noviembre de 2025,10,Gema,Si,Excelente,Viaje de ocio | Grupo | Apartamento de 1 dormitorio | Estancia de 2 noches | Enviado por móvil,11 comentarios,España
Vitoria,Escrito en 8 de noviembre de 2025,10,Felipe,La calefacción estaba muy alta,Muy confortable y con detalles,Viaje de ocio | Familia con niños pequeños | Apartamento de 2 dormitorios | Estancia de 1 noche | Enviado por móvil,5 comentarios,España
Vitoria,Escrito en 2 de noviembre de 2025,"8,0",Mar,,"Me gustó el detalle del regalo ,la caja con snack.",Viaje de ocio | Familia con niños pequeños | Apartamento Estudio | Estancia de 1 noche | Enviado por móvil,,
Vitoria,Escrito en 30 de agosto de 2025,"9,0",Ocaña,"Es sofá cama es muy incómodo e inapropiado para un establecimiento de estas características. El desayuno lo sirven en una cafetería independiente enfrente del edificio de apartamentos, aunque es cierto que desayunamos estupendamente.",Muy buena ubicación. Instalaciones nuevas y modernas. Muy acogedoras y a 5 minutos del centro de la ciudad.,Viaje de ocio | Familia con niños pequeños | Apartamento de 1 dormitorio | Estancia de 1 noche | Enviado por móvil,9 comentarios,España
Vitoria,Escrito en 30 de agosto de 2025,"9,0",Gonzalo,El colchón no era muy cómodo,"Limpieza, acceso, ubicación",Familia con niños pequeños | Apartamento de 1 dormitorio | Estancia de 4 noches | Enviado por móvil,8 comentarios,España
Vitoria,Escrito en 30 de agosto de 2025,10,Enrique,,"Ubicación muy buena, apartamento muy cómodo y excelente para viajar con perro",Viaje de ocio | Familia con niños pequeños | Apartamento de 1 dormitorio | Estancia de 4 noches | Enviado por móvil,,
Vitoria,Escrito en 30 de agosto de 2025,"9,0",Rincon,,La instalación  y la atención muy bien.,Viaje de ocio | Familia con niños pequeños | Apartamento de 1 dormitorio | Estancia de 1 noche | Enviado por móvil,,
Vitoria,Escrito en 29 de agosto de 2025,"8,0",Carol,La única pega es que me parece caro.,"Todo impecable, limpio, cómodo, bonito, muy céntrico, acceso fácil y automatizado...",Viaje de ocio | Familia con niños pequeños | Apartamento de 1 dormitorio | Estancia de 1 noche | Enviado por móvil,2 comentarios,España
Vitoria,Escrito en 29 de agosto de 2025,10,Blanca,,"Limpieza, ubicación y silencio",Viaje de ocio | Familia con niños pequeños | Apartamento de 1 dormitorio | Estancia de 3 noches | Enviado por móvil,,
Vitoria,Escrito en 29 de agosto de 2025,"9,0",Laura,Se echa en parte una cara visible del alojamiento.,La limpieza y ubicación.,Viaje de ocio | Familia con niños pequeños | Apartamento de 1 dormitorio | Estancia de 5 noches,23 comentarios,España
Vitoria,Escrito en 29 de agosto de 2025,10,Omisae,,La limpieza,Viaje de negocios | Familia con niños pequeños | Apartamento de 2 dormitorios | Estancia de 12 noches | Enviado por móvil,,
Vitoria,Escrito en 28 de agosto de 2025,"8,0",Carlos,La cama del sofá,Ubicación,Viaje de ocio | Familia con niños pequeños | Apartamento de 1 dormitorio | Estancia de 1 noche | Enviado por móvil,73 comentarios,España
Vitoria,Escrito en 28 de agosto de 2025,"9,0",Gabriela,"El check-in,  para mi gusto, un poco tarde, hasta las 15:00h no es posible entrar y sin posibilidad de dejar las maletas en el hotel si llegas antes.","La comodidad del apartamento. Acogedor y amplio
Su ubicación.",Viaje de ocio | Familia con niños pequeños | Apartamento de 1 dormitorio | Estancia de 1 noche | Enviado por móvil,15 comentarios,España
Vitoria,Escrito en 28 de agosto de 2025,10,Gilberto,Nada,La comodidad y amplitud de las estancias,Viaje de ocio | Persona que viaja sola | Apartamento de 2 dormitorios | Estancia de 3 noches | Enviado por móvil,9 comentarios,España
Vitoria,Escrito en 27 de agosto de 2025,"9,0",Carlos,El sistema de apertura con código es incómodo,"Muy cerca del centro, limpio y comodo",Viaje de ocio | Familia con niños pequeños | Apartamento de 2 dormitorios | Estancia de 1 noche | Enviado por móvil,8 comentarios,España
Vitoria,Escrito en 27 de agosto de 2025,"9,0",Manuel,El sofá cama no es cómodo.,"Está ubicado en una zona tranquila donde se encuentra fácilmente aparcamiento. Además, está a 10 minutos andando del centro.",Viaje de ocio | Familia con niños pequeños | Apartamento de 1 dormitorio | Estancia de 3 noches | Enviado por móvil,9 comentarios,España
Vitoria,Escrito en 25 de agosto de 2025,"8,0",Eduardo,No te ayudan con el check in,La amplitud,Viaje de ocio | Familia con niños pequeños | Apartamento de 1 dormitorio | Estancia de 1 noche | Enviado por móvil,74 comentarios,España
Vitoria,Escrito en 25 de agosto de 2025,"8,0",Estrella,"Por ponerle una pega, cuando abres el sofá cama queda muy estrecho y no se puede pasar","La ubicación, limpieza del apartamento, silencia y desayuno",Viaje de ocio | Familia con niños pequeños | Apartamento de 1 dormitorio | Estancia de 1 noche | Enviado por móvil,8 comentarios,España
Vitoria,Escrito en 25 de agosto de 2025,"8,0",Rubio-bañón,"La limpieza del apartamento, estuvimos cinco noches y no nos cambiaron las toallas ni limpiaron la habitación.",Las instalaciones eran muy buenas y muy céntrico,Viaje de ocio | Grupo | Apartamento de 1 dormitorio | Estancia de 1 noche,3 comentarios,España
Vitoria,Escrito en 23 de agosto de 2025,"8,0",Elena,El sofa-cama es bastante incómodo para dormir en él. Tuve que pedir material de limpieza como pastilla para el lavavajillas y trapo de cocina porque no estaba en la habitación. Aunque es verdad que la recepcionista me los proporcionó inmediatamente.,"El personal fue muy amable  y la ubicación es fantástica. A 10 minutos  a pie del centro histórico de Vitoria.
El apartamento para 5 personas es espacioso y estaba muy limpio.",Familia con niños pequeños | Apartamento de 2 dormitorios | Estancia de 1 noche | Enviado por móvil,12 comentarios,España
Vitoria,Escrito en 23 de agosto de 2025,"8,0",Loli,"Que no tuviera una escoba para poder recoger lo básico, ni escobilla de wc, así como algo para fregar los cacharros, cosa que hoy día hay en casi todos los apartamentos turísticos
En mi caso con pelo largo he tenido que recoger los pelos con algo de papel","La ubicacion y que aunque haya parking, se puede aparcar con suerte fuera
El apartamento está nuevo y tiene de casi todo",Viaje de ocio | Familia con niños pequeños | Apartamento de 1 dormitorio | Estancia de 4 noches | Enviado por móvil,3 comentarios,España
Vitoria,Escrito en 23 de agosto de 2025,"9,0",Andrea,"Difícil contar con alguien si se necesita, demasiado autónomo todo. Vistas feas","Me pareció muy cómodo el check-in online y autónomo. Muy bien el parking en el edificio. Genial ubicación, muy cómoda.
El apartamento bien decorado y equipado, para unos días genial.",Viaje de ocio | Familia con niños pequeños | Apartamento de 1 dormitorio | Estancia de 1 noche | Enviado por móvil,78 comentarios,España
Vitoria,Escrito en 23 de agosto de 2025,10,Laura,"Éramos cuatro y, para el sofá cama, sólo había 1 almohada. El colchón se hundía un poco hacia el centro, pero estuvimos sólo una noche y es asumible.","Es un edificio entero dividido en apartamentos. Hay personal de asistencia durante el día, en recepción, y asistencia on line o telefónica por la noche. En todo momento, nuestras dudas fueron resueltas. Las instalaciones son nuevas, de excelente calidad, insonorizado todo y la limpieza excelente. Y la ubicación es perfecta. Es una avenida grande con comercio y lugares donde desayunar. En 5 minutos andando se accede al casco viejo de Vitoria.",Viaje de ocio | Grupo | Apartamento de 1 dormitorio | Estancia de 1 noche,20 comentarios,España
Vitoria,Escrito en 22 de agosto de 2025,"8,0",Amelia,"Que no había ningún utensilio para la limpieza del hogar, escoba, mocho, bayeta, ademanes había un lavaplatos pero no había ninguna pastilla, ni estropajo ni jabón para lavar los platos, por lo que si querías barrer o fregar tenías que comprar las cosas para hacerlo.",Que estaba muy limpio y era todo nuevo y espacioso.,Viaje de ocio | Familia con niños pequeños | Apartamento de 2 dormitorios | Estancia de 4 noches | Enviado por móvil,27 comentarios,España
Vitoria,Escrito en 22 de agosto de 2025,"9,0",Raquel,,Me encantó el detalle de bienvenida para el perrete 😄,Viaje de ocio | Pareja | Apartamento Estudio | Estancia de 5 noches | Enviado por móvil,,
Vitoria,Escrito en 22 de agosto de 2025,"9,0",Juan,El sofá cama no era tan cómodo como esperábamos y que no hubiera ni un pequeño estropajo + jabón para poder lavar vajilla,"Apartamento agradable, muy nuevo todo, tranquilo , limpio y cómodo",Viaje de ocio | Grupo | Apartamento de 1 dormitorio | Estancia de 2 noches,13 comentarios,España
Vitoria,Escrito en 21 de agosto de 2025,"8,0",Rodríguez,Era un apartamento en la planta primera y en lugar de hacia la avenida estaba orientado hacia atrás dando a una confluencia de patios de otros edificios altos y ésto hacía que el apartamento tuviera poca luz.,La ubicación.,Viaje de ocio | Familia con niños pequeños | Apartamento de 2 dormitorios | Estancia de 3 noches | Enviado por móvil,8 comentarios,España
Vitoria,Escrito en 20 de agosto de 2025,"8,0",Federico,,La habitación es muy cómoda en general,Viaje de ocio | Pareja | Apartamento Estudio | Estancia de 1 noche | Enviado por móvil,,
Vitoria,Escrito en 28 de julio de 2025,"9,0",Jesus,"el sofa cama era muy blando para dormir, muy incómodo",La ubicación y la limpieza,Viaje de ocio | Familia con niños pequeños | Apartamento de 1 dormitorio | Estancia de 2 noches,6 comentarios,España
Vitoria,Escrito en 28 de julio de 2025,"7,0",Carolina,"Que todo fuera por la aplicación o por mail, aunque puedes llamarlos del telefonillo de la entrada, por nosotros no, pero vimos gente mayor liada. La relación calidad-precio es excesiva. No vino nadie a limpiar y todavía no tengo claro si es por no pedirlo por la aplicación. Te dejaban un kit de limpieza, pero era escaso para los 5 días que íbamos. Y lo peor es la wifi compartida, va fatal y además la televisión no es smart, y no hubo manera de conectar el crome cast por la wifi, lo comunicamos y nada.",La situación y las instalaciones.,Viaje de ocio | Familia con niños pequeños | Apartamento de 1 dormitorio | Estancia de 5 noches | Enviado por móvil,36 comentarios,España
Vitoria,Escrito en 27 de julio de 2025,"9,0",Jose,"La nevera, por la parte posterior, a veces vibraba en exceso",Ubicación y equipamiento,Viaje de ocio | Familia con niños pequeños | Apartamento de 1 dormitorio | Estancia de 2 noches,38 comentarios,España
Vitoria,Escrito en 27 de julio de 2025,"9,0",Sara,"Echamos en falta más luz artificial sobre todo en el baño y la falta estropajo, bayeta, una escoba con recogedor y fregona con cubo para mantener limpio el apartamento durante nuestra estancia.","Un apartamento bonito y moderno ideal para viajar una familia de cuatro miembros algunos días. Equipada con una cocina totalmente nueva con todos los pequeños electrodomésticos modernísimos. 
Cuenta con un dormitorio con armario y cómoda de tres cajones y una cama muy confortable, tanto colchón como almohadas. El sofá cama del salón quizás no tan cómodo, pero adecuado para dos niños o adolescentes.",Viaje de ocio | Familia con niños pequeños | Apartamento de 1 dormitorio | Estancia de 4 noches | Enviado por móvil,7 comentarios,España
Vitoria,Escrito en 26 de julio de 2025,"9,0",Sergio,"Por decir algo, que no había cafetera en la cocina.
La echamos en falta.","Es un apartahotel muy comodo, bien ubicado y muy limpio. Con cocina bien equipada. Los muebles y el apartamento muy nuevo. Se entra fácil de manera on lline, con la clave que te envían o su aplicación. Y el garage, aunque de pago, es un punto a favor de la instalación.",Viaje de ocio | Familia con niños pequeños | Apartamento de 1 dormitorio | Estancia de 2 noches | Enviado por móvil,25 comentarios,España
Vitoria,Escrito en 25 de julio de 2025,"8,0",Pedro,El sofá cama muy incómodo para dos personas,"Muy nuevo y todo lo necesario para unos dias, buena ubicación.",Viaje de ocio | Grupo | Apartamento de 1 dormitorio | Estancia de 5 noches | Enviado por móvil,3 comentarios,España
Vitoria,Escrito en 25 de julio de 2025,"9,0",Laura,Tuvimos un poco de dificultad al abrir la puerta del edificio pero se resolvió sin problema,Luminoso..céntrico..muy bien equipado..nos obsequiaron con dos botellas de agua y un snack y un pack de limpieza..cama y sofá cama muy cómodo..no vimos a nadie del personal..rodeado de bares y cafeterías muy ricas,Viaje de ocio | Familia con niños pequeños | Apartamento de 1 dormitorio | Estancia de 1 noche | Enviado por móvil,7 comentarios,España
Vitoria,Escrito en 25 de julio de 2025,"8,0",Ceballos,No me gustó que no tienen persianas y entra claridad a las habitaciones.,,Viaje de ocio | Familia con niños pequeños | Apartamento de 1 dormitorio | Estancia de 1 noche | Enviado por móvil,4 comentarios,España
Vitoria,Escrito en 25 de julio de 2025,"7,0",Maria,Que el sofá  se hundía cuando te sentabas y las tapicerias de sillones y cojines estaba con cercos de manchas al igual.que una de las fundas de almohada interiores que tenia unos cercos amarillos increibles de suciedad.,"Muy bien ubicado, muy bien equipado, con lavadora, lavavajillas, horno microondas... decoración muy moderna y apartamento amplio, cafeterías para desayunar y en la misma calle hay zona de aparcamiwnto gratuito.",Viaje de ocio | Familia con niños pequeños | Apartamento de 1 dormitorio | Estancia de 1 noche | Enviado por móvil,10 comentarios,España
Vitoria,Escrito en 25 de julio de 2025,"9,0",Noelia,Que no tuviera una escoba ni fregona,Estaba muy cuidado.,Familia con niños pequeños | Apartamento con terraza | Estancia de 2 noches | Enviado por móvil,4 comentarios,España
Vitoria,Escrito en 25 de julio de 2025,"8,0",M,El sofá cama era horrible....no es nada intuitivo para abrirlo y se cerraba cada dos por tres..no descansaron nada las personas que durmieron ahí,"Esta a 10 mins de la catedral de Vitoria, es una finca de pisos turísticos que están muy limpios y nuevos y se accede con código",Viaje de ocio | Familia con niños pequeños | Apartamento de 1 dormitorio | Estancia de 1 noche | Enviado por móvil,10 comentarios,España
Vitoria,Escrito en 25 de julio de 2025,"8,0",María,"Eché de menos una escoba y recogedor en el apartamento para el día a día a parte de la limpieza que se haga por parte de la empresa.
El sofá cama es incómodo para dormir más de un día.","Bonito, buena ubicación, cocina bien equipada, buen detalle de bienvenida y el kit de limpieza.",Viaje de ocio | Familia con niños pequeños | Apartamento de 1 dormitorio | Estancia de 3 noches | Enviado por móvil,5 comentarios,España
Vitoria,Escrito en 25 de julio de 2025,"8,0",Aurora,"Garaje y desayunos, por el precio de estancia, debería incluir","Mal el horario de entradas,,debe ser cuando el cliente llegue, sea 8hs , 12"",,,,o 3de la mañanas, cada usuario es diferente y su estancia termina en 24hs, no cuando ustedes digan,,un  hotel está para éso dar servicio de hospedaje, no a su conveniencia,, mucho ruido las hb de frente a la calle gastéiz,,debería tener otro tipo de ventanas.",Familia con niños pequeños | Apartamento de 1 dormitorio | Estancia de 2 noches | Enviado por móvil,3 comentarios,España
Vitoria,Escrito en 24 de julio de 2025,"7,0",Teresa,El check in y todo el acceso al hotel es digital. Tener que estar poniendo el código para abrir cada puerta es un poco jaleo pero bueno. El sofá cama deberían renovarlo...,"La ubicación y la comodidad de tener parking a 14€/día. Estaba todo muy bien equipado, con un kit de bienvenida y un kit de limpieza, el apartamento tiene todo lo necesario para estar en Vitoria unos días. Para los precios que hay de alojamientos en el País Vasco en general, este está muy bien.",Viaje de ocio | Familia con niños pequeños | Apartamento de 1 dormitorio | Estancia de 2 noches,38 comentarios,España
Vitoria,Escrito en 24 de julio de 2025,"7,0",Monica,"Sofá cama incómodo, aire solo iba en la habitación y faltaba la plancha para la ropa",Ubicación y lavabo y cama habitación muy cómoda,Familia con niños pequeños | Apartamento de 1 dormitorio | Estancia de 2 noches | Enviado por móvil,16 comentarios,España
Vitoria,Escrito en 23 de julio de 2025,10,Alberto,Nada,"Espectacular apartamento, nuevo,bien equipado ,muy limpio, centrico",Viaje de ocio | Familia con niños pequeños | Apartamento de 1 dormitorio | Estancia de 2 noches | Enviado por móvil,4 comentarios,España
Vitoria,Escrito en 22 de julio de 2025,"7,0",Samaniegomiron,"Todos los extras que hay, si quieres que te cambien las sabanas y toallas un extra de 37 euros, no había cepillo ni recogedor para barrer pequeñas cosas supongo para que se necesite contratar el servicio de limpieza extra.
El sistema de acceso con códigos da muchos problemas, nos fallaba mucho.
El menaje de la cocina es muy escaso, solo había un cazo una cazuela grande y un escurridor de pasta, se hubiera agradecido tener una pequeña sartén para hacer una tortilla.","El apartamento muy bonito, amplio, bien decorado y equipado con casi de todo, bien climatizado, las camas cómodas, incluso el sofá cama, lo mejor la ubicación y el parking al lado aunque debes contratarlo como extra.",Viaje de ocio | Familia con niños pequeños | Apartamento de 1 dormitorio | Estancia de 6 noches,12 comentarios,España
Vitoria,Escrito en 22 de julio de 2025,"9,0",Texenery,Ni un mísero detalle en la habitación. El sofá cama bastante incómodo.,Es muy cómodo y moderno.,Viaje de ocio | Grupo | Apartamento de 2 dormitorios | Estancia de 1 noche,81 comentarios,España
Vitoria,Escrito en 21 de julio de 2025,10,Maria,Me gusto todo,"Todo perfecto, muy limpio y todo muy bien organizado. esta a 15 minutos del centro caminando.",Viaje de ocio | Familia con niños pequeños | Apartamento de 1 dormitorio | Estancia de 1 noche | Enviado por móvil,6 comentarios,España
Vitoria,Escrito en 21 de julio de 2025,10,Carlos,,"Ubicacion espectacular, sin necesidad de coger transporte para vsisitar la ciudad.",Viaje de ocio | Familia con niños pequeños | Apartamento de 1 dormitorio | Estancia de 5 noches,,
Vitoria,Escrito en 21 de julio de 2025,"9,0",Maria,,Camas y diseño,Viaje de ocio | Grupo | Apartamento de 1 dormitorio | Estancia de 2 noches | Enviado por móvil,,
Vitoria,Escrito en 20 de julio de 2025,"8,0",Juan,"Imposible check-in antes de las 15:00h sin pagar extra.
No hay nadie en recepción para atender.
Código de acceso largo.
Prefiero trato personal, no virtual.
Imposibilidad de pagar en efectivo.","Buena ubicación, cerca del centro. 
Parking gratuito en la calle.
Moderno, bien equipado.
Cómodo. Abundantes cajones para ropa.",Viaje de ocio | Familia con niños pequeños | Apartamento de 1 dormitorio | Estancia de 2 noches | Enviado por móvil,10 comentarios,España
Vitoria,Escrito en 20 de julio de 2025,10,Yolanda,,Para una noche q era de paso bastante bien,Viaje de ocio | Familia con niños pequeños | Apartamento de 2 dormitorios | Estancia de 1 noche | Enviado por móvil,,
Vitoria,Escrito en 20 de julio de 2025,"8,0",Ana,El colchón del sofá cama de la 509 tienen que cambiarlo porque se hunde y se notan los muelles. No se puede descansar.,Nuevo y céntrico.,Viaje de ocio | Familia con niños pequeños | Apartamento de 1 dormitorio | Estancia de 2 noches | Enviado por móvil,9 comentarios,España
Vitoria,Escrito en 20 de julio de 2025,10,Raul,Las almohadas,El apartamento muy nuevo y limpio,Viaje de ocio | Familia con niños pequeños | Apartamento de 1 dormitorio | Estancia de 1 noche | Enviado por móvil,11 comentarios,España
Vitoria,Escrito en 25 de mayo de 2025,"7,0",Anie,"Un par de puntos a destacar: 
1. Tanto el sofá cama como las almohadas son muy incómodas, y en nuestro caso, faltaba una de las mesitas de noche de la habitación. 
2. Además, nuestra estancia se vio significativamente afectada por un problema con el aire acondicionado: 
Pasamos la tarde fuera, y al volver al apartamento al anochecer quisimos encender el aire acondicionado para cenar y dormir. Tratamos de ponerlo en marcha y esperar un rato para ver si se encendía, pero nada. Hacia las 21:30 nos pusimos en contacto con recepción a través de WhatsApp para solicitar ayuda, ya que no lo conseguíamos (o no funcionaba). Recibimos una respuesta pidiendo la foto del panel de control del aire acondicionado. Así lo hicimos, y nos respondieron diciendo que pasarían el aviso a la persona que se encontraba en recepción para que nos ayudara indicando que debíamos esperar. Sin embargo, tras esperar más de una hora sin recibir ninguna solución ni contacto por parte del personal, decidimos desistir y avisar de que ya no era necesario que vinieran ya que eran las 23:00 pasadas y queriamos irnos a dormir. Una pena.","El primer punto destacable es la ubicación, que es estupenda. Está a escasos minutos del centro y cuenta con paradas cercanas de autobús y tranvía. 
En cuanto al apartamento, la cocina esta muy bien equipada. La habitación principal es muy espaciosa y la cama es cómoda. El baño está muy limpio y hay toallas de sobra.",Viaje de ocio | Familia con niños pequeños | Apartamento de 1 dormitorio | Estancia de 1 noche | Enviado por móvil,8 comentarios,España
Vitoria,Escrito en 24 de mayo de 2025,"8,0",Carlos,"El sistema automático. No por lo automático sino por cierta dificultad que presenta el sistema. Código largo, etc,. Es el camino pero habría que darle una vuelta de tuerca.",La habitación espaciosa y los servicios incluidos,Viaje de ocio | Pareja | Apartamento Estudio | Estancia de 1 noche | Enviado por móvil,10 comentarios,Argentina
Vitoria,Escrito en 24 de mayo de 2025,"9,0",Koldo,Todo,Si,Viaje de ocio | Familia con niños pequeños | Apartamento de 1 dormitorio | Estancia de 2 noches | Enviado por móvil,18 comentarios,España
Vitoria,Escrito en 24 de mayo de 2025,10,Orenes,La gestión de la entrada,Apartamento,Viaje de ocio | Pareja | Apartamento de 2 dormitorios | Estancia de 1 noche | Enviado por móvil,1 comentario,España
Vitoria,Escrito en 23 de mayo de 2025,"8,0",Enol,La ubicación,Las habitaciones,Viaje de ocio | Familia con niños pequeños | Apartamento de 1 dormitorio | Estancia de 2 noches | Enviado por móvil,20 comentarios,España
Vitoria,Escrito en 23 de mayo de 2025,"8,0",Maite,"Muy pocos detalles en el apartamento, menaje escueto, no dejan ni un rollo de servilletas por si lo puedes necesitar.",La limpieza y la ubicación. Decorado con gusto.,Viaje de ocio | Grupo de amigos | Apartamento de 1 dormitorio | Estancia de 1 noche | Enviado por móvil,27 comentarios,España
Vitoria,Escrito en 22 de mayo de 2025,"9,0",Jose,,"El apartamento, la ubicación y la app del apartamento",Viaje de ocio | Familia con niños pequeños | Apartamento Estudio | Estancia de 2 noches | Enviado por móvil,,
Vitoria,Escrito en 21 de mayo de 2025,"9,0",Paya,No había fregona ni escoba y recogedor y falta de mantenimiento,Estaba muy limpio  es cómodo y muy centrico,Familia con niños pequeños | Apartamento Estudio | Estancia de 5 noches | Enviado por móvil,2 comentarios,España
Vitoria,Escrito en 21 de mayo de 2025,"7,0",Silvia,EL sofa-cama del apartamento resultó muy incómodo.,"Lo mejor fue la ubicación, facilidad en contactar con el alojamiento y la atención del personal. La amplitud de las habitaciones y luminosidad un plus.",Viaje de ocio | Familia con niños pequeños | Apartamento de 1 dormitorio | Estancia de 1 noche,31 comentarios,España
Vitoria,Escrito en 21 de mayo de 2025,"9,0",Dolores,Todo bien,"El alojamiento en si y la ubicación ...la limpieza,todo muy nuevo",Viaje de ocio | Pareja | Apartamento de 1 dormitorio | Estancia de 1 noche | Enviado por móvil,9 comentarios,España
Vitoria,Escrito en 19 de mayo de 2025,"9,0",Jose,"Echamos en falta mocho, recogedor y escoba para la limpieza 🧹 del apartamento o quizá un pequeño aspirador.
Bastante complicado aparcar en la zona.","La ubicación, muy cerca del centro y al lado de un Supermercado. La cama amplia y muy cómoda.",Viaje de ocio | Pareja | Apartamento de 1 dormitorio | Estancia de 3 noches | Enviado por móvil,18 comentarios,España
Vitoria,Escrito en 15 de mayo de 2025,"8,0",Tomas,Que en las imágenes de la reserva el apartamento tenía terraza y en realidad no la tenía.,Ubicacion,Viaje de ocio | Familia con niños pequeños | Apartamento Estudio | Estancia de 1 noche | Enviado por móvil,11 comentarios,España
Vitoria,Escrito en 15 de mayo de 2025,10,Ariadna,me gustó todo de este apartamento.,apartamento muy nuevo. todo en perfecto estado. limpieza espectacular. moderno y luminoso. bien equipado. tiene un día justo encima que facilita poder comprar. se aparca en la calle sin pagar.,Viaje de ocio | Familia con niños pequeños | Apartamento de 2 dormitorios | Estancia de 1 noche | Enviado por móvil,37 comentarios,España
Vitoria,Escrito en 14 de mayo de 2025,10,Patricia,nada,"nos gustó mucho el alojamiento. Tenía de todo, muy completo. Las camas muy cómodas y cerca del centro.
hay supermercados cerca y muchos bares y tiendas.
nos dejaron un detalle al llegar y se agradece.
volveremos sin duda.",Viaje de ocio | Familia con niños pequeños | Apartamento de 1 dormitorio | Estancia de 1 noche,26 comentarios,España
Vitoria,Escrito en 12 de mayo de 2025,"9,0",Julio,El sofá cama un poco incómodo,La ubicación,Viaje de ocio | Grupo | Apartamento de 1 dormitorio | Estancia de 2 noches | Enviado por móvil,17 comentarios,España
Vitoria,Escrito en 12 de mayo de 2025,10,Inéscg19,,"La ubicación era perfecta, en el centro de la ciudad.",Viaje de ocio | Familia con niños pequeños | Apartamento de 1 dormitorio | Estancia de 3 noches | Enviado por móvil,,
Vitoria,Escrito en 12 de mayo de 2025,"8,0",Alvaizq,"El precio, no sé si era por la maratón pero, a pesar de estar muy bien, me parece un precio exagerado.","La ubicación, muy cerca del centro pero zona tranquila. Todo muy limpio y ordenado. Se nota desgaste en la habitación pero nada fuera de lo normal.",Viaje de ocio | Familia con niños pequeños | Apartamento de 1 dormitorio | Estancia de 1 noche,23 comentarios,España
Vitoria,Escrito en 12 de mayo de 2025,10,Eder,El sofá cama quizás era demasiado básico para el precio pagado,"Todas las estancias, la facilidad de contactar con personal del hotel y la limpieza",Viaje de ocio | Familia con niños pequeños | Apartamento de 1 dormitorio | Estancia de 1 noche | Enviado por móvil,50 comentarios,España
Vitoria,Escrito en 11 de mayo de 2025,"8,0",Noelia,"el horario de check in a las 15, pero si pagas puedes entrar a las 12. y check out a las 11, pero pagando puedes salir más tarde....la calefacción no se podía bajar, había 25°C en la habitación y no tuvimos manera de bajarla.",el apartamento tenía todo lo necesario y era muy bonito.,Viaje de ocio | Familia con niños pequeños | Apartamento de 1 dormitorio | Estancia de 1 noche | Enviado por móvil,12 comentarios,España
Vitoria,Escrito en 10 de mayo de 2025,10,Andreina,El sofá el salón sus asientos estaban un poco dañados,Cocina y baños 10/10,Viaje de ocio | Familia con niños pequeños | Apartamento de 2 dormitorios | Estancia de 1 noche | Enviado por móvil,4 comentarios,España
Vitoria,Escrito en 9 de mayo de 2025,10,Gutiérrez,,"Todo, la limpieza,la comodidad,la ubicación",Viaje de ocio | Familia con niños pequeños | Apartamento de 1 dormitorio | Estancia de 1 noche | Enviado por móvil,,
Vitoria,Escrito en 9 de mayo de 2025,"8,0",M,"Es sistema de check in va muy mal, es desesperante, el link y la web no funcionaban bien, menos mal que salió de un cuarto en la entrada uno de los personal y nos lo hizo través de su tablet.","Limpieza y comodidad, incluso la localización",Viaje de ocio | Pareja | Apartamento de 1 dormitorio | Estancia de 1 noche | Enviado por móvil,18 comentarios,España
Vitoria,Escrito en 7 de mayo de 2025,10,Pedro,,Funcionalidad y ubicación.,Viaje de ocio | Familia con niños pequeños | Apartamento Estudio | Estancia de 2 noches | Enviado por móvil,,
Vitoria,Escrito en 6 de mayo de 2025,"8,0",Jose,Esta subiendo de precio poco a poco,Muy bien ubicado,Viaje de ocio | Pareja | Apartamento Estudio | Estancia de 1 noche | Enviado por móvil,8 comentarios,España
Vitoria,Escrito en 4 de mayo de 2025,"9,0",Laura,,"Me gustó la limpieza y orden además de la ubicación. La temperatura interior, y la calidez del sitio.",Viaje de ocio | Familia con niños pequeños | Apartamento de 1 dormitorio | Estancia de 3 noches | Enviado por móvil,,
Vitoria,Escrito en 8 de marzo de 2025,"8,0",Macarena,"Falta de servilletas/papel cocina y algunos básicos como aceite,sal, vinagre. Falta consigna equipaje","Localización, la habitación y la disposición. Pusieron todo lo necesario oara nuestro bebé, tanto cuna como trona. Genial",Viaje de ocio | Familia con niños pequeños | Apartamento de 1 dormitorio | Estancia de 1 noche | Enviado por móvil,4 comentarios,España
Vitoria,Escrito en 5 de marzo de 2025,10,Daniel,La ausencia de mampara en la ducha,La ubicación y la limpieza,Viaje de ocio | Familia con niños pequeños | Apartamento Estudio | Estancia de 4 noches | Enviado por móvil,55 comentarios,España
Vitoria,Escrito en 3 de marzo de 2025,"7,0",Carlos,"Poca o ninguna flexibilidad en los horarios. Después de pagar 24h de parking, tienes q salir antes de las 11:00
La relación calidad/precio no se corresponde",La ubicación y la facilidad para el chekin,Viaje de ocio | Pareja | Apartamento de 1 dormitorio | Estancia de 1 noche | Enviado por móvil,116 comentarios,España
Vitoria,Escrito en 3 de marzo de 2025,"7,0",Teresa,"Nuestra cama se movía mucho porque tenía las patas sueltas. Las almohadas son muy incómodas, extremadamente finas. Los apartamentos no estan preparados del todo ya que por ejemplo en la cocina apenas hay enchufes (tuvimos que enchufar el tostador en el mueble de la tele y la cafetera en un enchufe a la altura del suelo ya que en la encimera no había ningún enchufe). Las ventanas no se pueden abrir completamente, lo que dificulta que se pueda ventilar. El resto de las estancias estan muy bien y en general los apartamentos son cómodos y amplios.",Los apartamentos son cómodos y el acceso a las instalaciones es muy sencillo. La limpieza es óptima y los baños son amplios y cómodos; estan muy bien equipados. El apartamento en general está bien.,Viaje de ocio | Grupo | Apartamento de 2 dormitorios | Estancia de 2 noches,5 comentarios,España
Vitoria,Escrito en 2 de marzo de 2025,"7,0",Pablo,"Demasiado olor a ambientador al entrar para disimular olores. Limpieza mejorable: machas en el suelo de nuestro apartamento y no habían lavado una toalla, que estaba totalmente sucia dentro de un cajón (seguramente no lo habría visto el personal de limpieza).","Muy buena ubicación y apartamentos, por norma general, bien cuidados",Viaje de ocio | Familia con niños pequeños | Apartamento de 1 dormitorio | Estancia de 2 noches | Enviado por móvil,1 comentario,España
Vitoria,Escrito en 2 de marzo de 2025,"9,0",Jose,El sofá cama era incómodo,Estaba todo limpio y amplio y bien equipado,Viaje de ocio | Grupo de amigos | Apartamento de 1 dormitorio | Estancia de 1 noche | Enviado por móvil,11 comentarios,España
Vitoria,Escrito en 1 de marzo de 2025,"8,0",Aitor,Que el sofá cama estaba roto. Y al que le tocó el sofá-cama no pudo descansar en condiciones óptimas.,Que tiene dos baños.,Viaje de ocio | Grupo de amigos | Apartamento de 2 dormitorios | Estancia de 1 noche | Enviado por móvil,6 comentarios,España
Vitoria,Escrito en 27 de febrero de 2025,"8,0",Alicia,La cama me resultó incómoda,"Perfecta ubicación 
Habitaciones tranquilas, sin ruido 
Todo muy limpio
Fácil acceso",Viaje de ocio | Familia con niños pequeños | Apartamento de 1 dormitorio | Estancia de 3 noches | Enviado por móvil,6 comentarios,España
Vitoria,Escrito en 27 de febrero de 2025,10,Eworo,El checkin,Todo,Viaje de ocio | Pareja | Apartamento de 1 dormitorio | Estancia de 1 noche | Enviado por móvil,5 comentarios,Reino Unido
Vitoria,Escrito en 26 de febrero de 2025,"9,0",Ruben,,"La habitación estaba limpia, y el baño también. Tiene servicios alrededor es fácil hacer el check in. Repetiremos seguro. Un acierto",Viaje de ocio | Familia con niños pequeños | Apartamento de 1 dormitorio | Estancia de 1 noche | Enviado por móvil,,
Vitoria,Escrito en 25 de febrero de 2025,10,Vanesa,,"Es cómodo, moderno y bien ubicado. Tiene alrededor mucho parking gratuito",Viaje de ocio | Pareja | Apartamento Estudio | Estancia de 1 noche | Enviado por móvil,,
Vitoria,Escrito en 24 de febrero de 2025,10,Naiara,,"Apartamento amplio, impecable y en una ubicación perfecta, a un paso de cebra de la parte vieja pero en una zona muy tranquila para descansar bien por la noche. Tenía todo lo necesario para unas vacaciones. Repetiría y lo recomendaría seguro. Parking de pago en el mismo edificio, lo que facilita la llegada y salida.",Viaje de ocio | Familia con niños pequeños | Apartamento de 1 dormitorio | Estancia de 2 noches | Enviado por móvil,,
Vitoria,Escrito en 23 de febrero de 2025,"8,0",Sai0a,"Los pocos ascensores de los que dispone para tantos apartamentos. 
Que no haya nadie por su surge algo es otra de las cosas que a mí personalmente no me gusta pero todo ha ido genial con el código que se proporciona.",La ubicación del apartamento,Viaje de ocio | Pareja | Apartamento Estudio | Estancia de 2 noches | Enviado por móvil,2 comentarios,España
Vitoria,Escrito en 23 de febrero de 2025,"9,0",Laia,,Es pequeño pero tiene de todo.,Viaje de ocio | Grupo | Apartamento de 1 dormitorio | Estancia de 1 noche | Enviado por móvil,,
Vitoria,Escrito en 21 de febrero de 2025,"8,0",María,"La tele no es smart tv. Fueron hospitalarios y considero que la atención fue adecuada excepto por varios detalles con los que abusaron de confianza: se cobraron el early check-in por sólo consultarlo y, estando allí pedí el kit de limpieza que se les olvidó dejarme, me dijeron que subirían, esperé bastantes horas y finalmente entraron mientras estaba durmiendo sin previo aviso.",Comodidad del sofá y cama. Mobiliario y apartamento muy nuevo. Las ventanas insonorizan muy bien para ser una avenida con mucho tráfico. El agua de la ducha sale caliente rápido. El aire acondicionado centralizado suma mucho. El casco viejo queda muy cerca y realmente el apartamento está muy bien comunicado con el resto de la ciudad.,Viaje de ocio | Persona que viaja sola | Apartamento de 1 dormitorio | Estancia de 2 noches | Enviado por móvil,20 comentarios,España
Vitoria,Escrito en 21 de febrero de 2025,"7,0",Alzate,"El día anterior pido que miren a ver si hay posibilidad de alargar la hora de salida de las 11am a las 14pm (es una opción que tienen si pagas 15€), lo hacen delante de mi y me confirman que si se puede sin problema, así que me cobran y todo perfecto hasta aquí. Al día siguiente, me llaman a las 10:30 diciéndome que había habido una confusión y un problema con el sistema y que no puedo quedarme hasta las 14pm. A lo cual respondí medio dormida, entre que me quedé otra vez dormida y recogia me dieron las 12 del mediodía mas o menos y me cobran una penalización de 45€ por salir mas tarde. Ósea, tienen un error y encima de que pretenden que me vaya corriendo a prisas de la habitación todavía me cobran por no haber salido a la hora habiendo sido de ellos el problema, enfin.",,Viaje de ocio | Persona que viaja sola | Apartamento con terraza | Estancia de 1 noche | Enviado por móvil,4 comentarios,España
Vitoria,Escrito en 20 de febrero de 2025,10,Manuel,Nada,Todo,Viaje de ocio | Grupo | Apartamento Ático | Estancia de 5 noches | Enviado por móvil,12 comentarios,España
Vitoria,Escrito en 20 de febrero de 2025,"8,0",Andrea,"- En la alarma de incendios del techo había un calcetín puesto… entiendo que el personal de limpieza no hizo el trabajo en profundidad 
- No se pueden dejar las maletas, aunque haya un chico nos dijo que nos buscáramos la vida",Muy nuevo y bien equipado,Viaje de ocio | Pareja | Apartamento de 1 dormitorio | Estancia de 2 noches | Enviado por móvil,10 comentarios,España
Vitoria,Escrito en 20 de febrero de 2025,"8,0",Elena,Dificultad para la entrada con el código muy lioso,Mucho,Viaje de ocio | Familia con niños pequeños | Apartamento de 1 dormitorio | Estancia de 1 noche | Enviado por móvil,6 comentarios,España
Vitoria,Escrito en 20 de febrero de 2025,"9,0",Iñigo,Nada,Estaba todo perfecto,Viaje de ocio | Pareja | Apartamento de 1 dormitorio | Estancia de 1 noche | Enviado por móvil,12 comentarios,España
Vitoria,Escrito en 19 de febrero de 2025,"7,0",Merce,No me gustó que tener que hacer el checking  obligstoriamente antes de llegar para que me diesen el código de la habitación. Si por cualquier motivo no puedo hacer ese checking ¿que me quedo en la calle?,,Viaje de ocio | Pareja | Apartamento de 1 dormitorio | Estancia de 1 noche | Enviado por móvil,35 comentarios,España
Vitoria,Escrito en 19 de febrero de 2025,"9,0",Seba,"Solo deben advertir que la distancia del techo a la cama dos plazas qué se encuentra arriba es de tan solo 1-1,2mts.","La zona, la ubicación.",Viaje de ocio | Familia con niños pequeños | Apartamento de 1 dormitorio | Estancia de 1 noche | Enviado por móvil,29 comentarios,Argentina
Vitoria,Escrito en 18 de febrero de 2025,"7,0",Itu,"Olía a tabaco. avisamos y no dejaron la ventana abierta en febrero .
No me gustó lo complicado todo para hacer la reserva.",La ubicación fenomenal.,Familia con niños pequeños | Apartamento de 2 dormitorios | Estancia de 1 noche | Enviado por móvil,24 comentarios,España
Vitoria,Escrito en 17 de febrero de 2025,10,Mikel,,Ninguna pega,Viaje de ocio | Familia con niños pequeños | Apartamento de 1 dormitorio | Estancia de 1 noche | Enviado por móvil,,
Vitoria,Escrito en 16 de febrero de 2025,"7,0",Carla,"NO aconsejo contar con el sofá-cama para dormir. Super incómodo. Tiene el colchón con una forma de S perfecta, no se sostiene bien la parte baja y la zona de la cabeza está levantada, por lo cual, quedas encajado y te clavas las barras que sostienen el colchón.","Es nuevo, luminoso y super acogedor. Está limpio y cuenta con detalles como un kit de limpieza con estropajo, un paño de cocina, una pastilla para la lavadora y otra para el lavavajillas. Las camas son cómodas.",Viaje de ocio | Grupo | Apartamento de 1 dormitorio | Estancia de 2 noches | Enviado por móvil,6 comentarios,España
Vitoria,Escrito en 20 de enero de 2025,"8,0",Barmi08,"El sofá, era sofá cama, muy incómodo, hasta para sentarse.
Que la tele no tenga Internet , ni la opción de poder poner un Netflix, Amazon video, etc..
Que te engañen por wasap, que para aparcar es difícil porque es una zona peatonal, para que cojas parking,  y que luego veas que se puede aparcar gratis y sin problemas.
Que te cobren 20e por noche, por traer tu mascota, alegando que el suplemento es por la limpieza extra y que luego, no pasen ni un solo dia a ordenar/limpiar, el apartamento.. 3 noches nos costaron 75 por persona y pagamos 60e por mi perra.. Es un absurdo !!!","El apartamento muy completo. 
Muy buena ubicación.
Cama cómoda 
Zona de aparcamiento gratis por la zona",Viaje de ocio | Familia con niños pequeños | Apartamento de 1 dormitorio | Estancia de 3 noches | Enviado por móvil,68 comentarios,España
Vitoria,Escrito en 19 de enero de 2025,"8,0",María,Difícil a entrada cos códigos,O amplo espazo.,Viaje de ocio | Familia con niños pequeños | Apartamento de 1 dormitorio | Estancia de 2 noches | Enviado por móvil,2 comentarios,España
Vitoria,Escrito en 18 de enero de 2025,10,Maria,,"Muy buena ubicación,cerca hay de todo comercios, transporte, restaurantes.
Si te surge alguna consulta contestan muy rápido por whatsApp. Una estadía estupenda ☺️",Viaje de ocio | Persona que viaja sola | Apartamento de 1 dormitorio | Estancia de 2 noches | Enviado por móvil,,
Vitoria,Escrito en 18 de enero de 2025,10,Funandplay,Todo,Todo muy limpio y nuevo. Muy centrico,Familia con niños pequeños | Apartamento de 1 dormitorio | Estancia de 1 noche | Enviado por móvil,8 comentarios,España
Vitoria,Escrito en 17 de enero de 2025,"9,0",Susana,"Qué no me recibiera nadie, estar pendiente del móvil y el mail para entrar",,Viaje de ocio | Pareja | Apartamento de 1 dormitorio | Estancia de 1 noche | Enviado por móvil,3 comentarios,España
Vitoria,Escrito en 17 de enero de 2025,10,Maria,Lo único que no me gustó es el sofá cama q tienen es super incómodo para dormir ahí.,"Está genial, lo recomiendo!!! Muy limpio y calidad precio de 10. Y el desayuno está genial, lo recomiendo.",Familia con niños pequeños | Apartamento de 1 dormitorio | Estancia de 1 noche | Enviado por móvil,17 comentarios,España
Vitoria,Escrito en 16 de enero de 2025,10,Ikuska,"Haría falta una manta extra.
El termostato es difícil de entender.
La TV no tiene acceso a las apps de Samsung para poder ver Netflix por ejemplo, porque está capada, no veo la necesidad.","Todo perfecto 
Me encanta la cantidad de almohadas de la habitación",Viaje de ocio | Pareja | Apartamento de 1 dormitorio | Estancia de 3 noches | Enviado por móvil,31 comentarios,España
Vitoria,Escrito en 15 de enero de 2025,"8,0",Antonio,"La rigidez en horarios de entrada y salida al ser todo automatizado, no vimos en ningún momento a nadie, si querías entrar un poco antes tenías que pagar un extra de 15€ (la entrada es a las 15:00).
No había jabón en la ducha y no pudimos decirlo a nadie.","Ubicación,  comodidad,  limpieza,  terraza muy buena,  moderno, equipado",Viaje de ocio | Pareja | Apartamento de 1 dormitorio | Estancia de 1 noche | Enviado por móvil,34 comentarios,España
Vitoria,Escrito en 15 de enero de 2025,"9,0",José,,"Amplitud, ubicación y limpieza",Familia con niños pequeños | Apartamento de 2 dormitorios | Estancia de 1 noche | Enviado por móvil,,
Vitoria,Escrito en 14 de enero de 2025,10,Colmenares,Todo fue el mejor todo confort me encantó lo recomiendo 💯,Todooo fue el mejor que he estado,Viaje de ocio | Familia con niños pequeños | Apartamento de 2 dormitorios | Estancia de 2 noches | Enviado por móvil,2 comentarios,España
Vitoria,Escrito en 14 de enero de 2025,"8,0",Regina,"No me gusta y lo hacen ya en la mayoría de los hoteles y casas, que como ropa de cama pongan sólo FUNDA NÓRDICA sustituyendo las colchas... para mi, dan demasiado calor y no hay otra opción, o te axfisias con la funda nórdica o pasas frío solo con la sábana. Me gustaría que pusieran otro tipo de ropa de cama, como colcha tradicional o mantita para las personas que pasamos calor y que no queremos pasar frio. Y eso que apagamos la calefacción... En mi opinión es excesivo lo nórdico...","El apartamento cumplió nuestras expectativas. Cerca del centro y con paradas de tranvía cerca. El barrio estupendo, y con un supermercado DIA justo al lado. Cocina con todo lo necesario: platos, copas, vasos, tazas... tostadora de pan y cafetera de cápsulas. Baño completo y con secador de pelo. Salita de estar con sofá, televisión y un sillón de lectura al lado de la ventana que permite pasar un rato viendo la calle principal. Hay una mesa redonda con 2 sillas para los desayunos/comidas... El dormitorio con 2 camas juntas, cómodas. Calefacción en el apartamento. Las fotos reflejan lo que es. Estupendo.",Viaje de ocio | Pareja | Apartamento de 1 dormitorio | Estancia de 3 noches,15 comentarios,España
Vitoria,Escrito en 11 de enero de 2025,10,Malara,Nada,Todo,Viaje de ocio | Pareja | Apartamento Estudio | Estancia de 2 noches | Enviado por móvil,5 comentarios,España
Vitoria,Escrito en 7 de enero de 2025,"7,0",Sebastian,"Necestita algun arreglo, cortinas con agujeros, tapa wc rota...","Buena ubicación, comodo y amplio",Viaje de ocio | Familia con niños pequeños | Apartamento de 1 dormitorio | Estancia de 3 noches | Enviado por móvil,22 comentarios,España
Vitoria,Escrito en 7 de enero de 2025,"8,0",Olga,Faltaba limpieza y uno de los baños tenía olor muy desagradable a tuberías,La ubicación y que era grande,Viaje de ocio | Familia con niños pequeños | Apartamento de 2 dormitorios | Estancia de 3 noches | Enviado por móvil,28 comentarios,España
Vitoria,Escrito en 7 de enero de 2025,"8,0",Ana,Almohadas incómodas.,La decoración y limpieza,Viaje de ocio | Familia con niños pequeños | Apartamento de 1 dormitorio | Estancia de 1 noche | Enviado por móvil,31 comentarios,España
Vitoria,Escrito en 6 de enero de 2025,10,T,Me habría gustado que hubiera dos camas individuales en vez de sofá cama.,,Viaje de ocio | Familia con niños pequeños | Apartamento de 1 dormitorio | Estancia de 4 noches | Enviado por móvil,2 comentarios,España
Vitoria,Escrito en 6 de enero de 2025,"9,0",Tomás,,"Súper limpio , cómodo y ubicación perfecta.",Viaje de ocio | Familia con niños pequeños | Apartamento con terraza | Estancia de 1 noche | Enviado por móvil,,
Vitoria,Escrito en 6 de enero de 2025,10,Inmaculada,Colchón del sofá cama incómodo y apenas luz en el cuarto de baño. No posibilidad de una segunda almohada aunque la ped.í,"Ubicación, limpieza, posibilidad de parking. Útiles de cocina y electrodomésticos completos. Nuevo todo",Familia con niños pequeños | Apartamento de 1 dormitorio | Estancia de 1 noche | Enviado por móvil,31 comentarios,España
Vitoria,Escrito en 5 de enero de 2025,10,Sonia,.,Todo perfecto,Viaje de ocio | Grupo de amigos | Apartamento de 2 dormitorios | Estancia de 1 noche | Enviado por móvil,39 comentarios,España
Vitoria,Escrito en 5 de enero de 2025,10,Mauro,,"La ubicación, y el apartamento en general muy bien equipado!",Viaje de ocio | Familia con niños pequeños | Apartamento de 1 dormitorio | Estancia de 1 noche | Enviado por móvil,,
Vitoria,Escrito en 5 de enero de 2025,"9,0",Virginia,"Todo me gustó pero si tengo que poner algo sería que hace mucho calor y las ventanas solo son oscilobatientes
El colchón del sofá cama muy fino",Esta muy bien todo,Viaje de ocio | Familia con niños pequeños | Apartamento de 1 dormitorio | Estancia de 1 noche | Enviado por móvil,19 comentarios,España
Vitoria,Escrito en 5 de enero de 2025,10,Aurèlia,"El apartamento es para 4 personas, pero pensado para dos, ya que. solo tiene dos sillas y dos taburetes para comer y el sofá cama estaba ya muy usado y bastante incómodo para dormir!
Tenía bastantes utensilios de cocina pero sin tazas de café.
La llave electrónica fallaba en la puerta principal un poco rollo pero introducías los números manualmente y al segundo intento funcionaba, también sino había una persona para ayudarte con el código de entrada.","Todo perfecto, muy limpio y confortable.
A 10’ del centro con el tranvía. 
Todo automático y mecanizado que funcionó a la perfección.",Viaje de ocio | Grupo de amigos | Apartamento de 1 dormitorio | Estancia de 5 noches | Enviado por móvil,76 comentarios,España
Vitoria,Escrito en 2 de enero de 2025,10,Adalberto,,"En general esta perfecto 
Ubicación, parking, limpieza, comodidad.",Viaje de ocio | Familia con niños pequeños | Apartamento de 2 dormitorios | Estancia de 2 noches | Enviado por móvil,,
Vitoria,Escrito en 2 de enero de 2025,10,Mikel,Mejor con personas que por app,"Todo muy nuevo, muy completo. Excelente ubicación",Viaje de ocio | Familia con niños pequeños | Apartamento de 1 dormitorio | Estancia de 2 noches | Enviado por móvil,11 comentarios,España
Vitoria,Escrito en 1 de enero de 2025,"9,0",Maria,Todo perfecto.,"Moderno, limpio y muy equipado.",Viaje de negocios | Pareja | Apartamento Estudio | Estancia de 2 noches | Enviado por móvil,19 comentarios,España
Vitoria,Escrito en 11 de noviembre de 2024,10,Rafael,,"Todo perfecto, incluido el aparcamiento.",Viaje de ocio | Familia con niños pequeños | Apartamento de 1 dormitorio | Estancia de 3 noches | Enviado por móvil,,
Vitoria,Escrito en 11 de noviembre de 2024,"9,0",Raquel,Las almohadas de la cama eran demasiado finas y el colchón del sofá cama con poco grosor,"El alojamiento estaba muy bien ubicado, a 10 minutos del centro histórico. Estaba bien equipado y era bastante nuevo todo",Viaje de ocio | Grupo | Apartamento de 1 dormitorio | Estancia de 2 noches | Enviado por móvil,16 comentarios,España
Vitoria,Escrito en 11 de noviembre de 2024,10,Maria,"Me da pena que no haya personal, aunque tengo que decir que todo funcionó muy bien",La habitación y su ubicación,Viaje de ocio | Pareja | Apartamento Estudio | Estancia de 1 noche | Enviado por móvil,7 comentarios,España
Vitoria,Escrito en 9 de noviembre de 2024,10,Angel,,,Viaje de negocios | Pareja | Apartamento Estudio | Estancia de 1 noche | Enviado por móvil,,
Vitoria,Escrito en 8 de noviembre de 2024,"8,0",Ana,,Si,Grupo de amigos | Apartamento Estudio | Estancia de 1 noche | Enviado por móvil,,
Vitoria,Escrito en 6 de noviembre de 2024,10,Sara,Nada,"La limpieza y la comodidad, bastante bien equipado!!",Viaje de ocio | Familia con niños pequeños | Apartamento de 1 dormitorio | Estancia de 1 noche | Enviado por móvil,8 comentarios,Francia
Vitoria,Escrito en 6 de noviembre de 2024,"9,0",María,"La cama horrible, todo lo demás estupendo y maravilloso pero cero descanso",Todo menos la cama.,Viaje de ocio | Pareja | Apartamento de 1 dormitorio | Estancia de 1 noche | Enviado por móvil,17 comentarios,España
Vitoria,Escrito en 6 de noviembre de 2024,"9,0",Susana,Falta una tostadora de pan. No se podía abrir la ventana de la habitación.,¡Apartamento muy equipado y muy amplio! Me encanta alojarme ahí cada vez que voy a Vitoria.,Viaje de negocios | Persona que viaja sola | Apartamento de 1 dormitorio | Estancia de 1 noche,71 comentarios,Francia
Vitoria,Escrito en 6 de noviembre de 2024,"8,0",Mauro,"Por fechas, posiblemente estaba más caro de lo normal","Está cerca de lo que me interesaba, apartamentos limpios y cómodos",Viaje de ocio | Pareja | Apartamento de 1 dormitorio | Estancia de 1 noche | Enviado por móvil,9 comentarios,España
Vitoria,Escrito en 6 de noviembre de 2024,"8,0",Alicia,El sofá era un poco incómodo lo demás estaba muy bien.,"Fue muy cómodo hacer el check in y la recepción estaba 24 horas. Estaba todo digitalizado, respondían rápido y la ubicación del apartamento estaba muy bien. Además nos dejaron un detalle de bienvenida",Viaje de ocio | Pareja | Apartamento de 1 dormitorio | Estancia de 2 noches | Enviado por móvil,18 comentarios,España
Vitoria,Escrito en 5 de noviembre de 2024,10,Rafael,,El apartamento es grande y está muy limpio. El desayuno muy bueno y completo,Viaje de ocio | Pareja | Apartamento de 1 dormitorio | Estancia de 1 noche | Enviado por móvil,,
Vitoria,Escrito en 5 de noviembre de 2024,"9,0",Jorge,,"El desayuno está ubicado frente al apartamento, no es todo lo cómodo que debería ser.",Viaje de ocio | Pareja | Apartamento de 1 dormitorio | Estancia de 3 noches,,
Vitoria,Escrito en 4 de noviembre de 2024,"9,0",Merce,,"Todo: ubicación, limpieza, camas cómodas con sábanas y toallas de excelente calidad. Muchos detalles. 
Además un agradecimiento a su personal por su profesionalidad y rapidez en gestionar cualquier solicitud. Aunque es todo on line hay personal en el edificio y la atención es excelente. Accesibilidad total.",Viaje de ocio | Pareja | Apartamento Estudio | Estancia de 2 noches | Enviado por móvil,,
Vitoria,Escrito en 4 de noviembre de 2024,10,Leyre,Sofá cama algo incómodo para dormir y pasamos bastante calor en el apartamento pese a ser el mes de Octubre.,Apartamento muy completo.,Viaje de ocio | Familia con niños pequeños | Apartamento de 1 dormitorio | Estancia de 3 noches | Enviado por móvil,7 comentarios,España
Vitoria,Escrito en 3 de noviembre de 2024,"8,0",Esther,,"La ubicación es perfecta, está muy cerca del casco antiguo. 
El apartamento impecable, el único problema es que en el baño no había mampara de ducha ni cortina, con lo que la ducha está abierta totalmente .",Viaje de ocio | Familia con niños pequeños | Apartamento Estudio | Estancia de 1 noche | Enviado por móvil,,
Vitoria,Escrito en 3 de noviembre de 2024,10,Santiago,"Agua Caliente tardaba mucho en llegar al Octavo Piso, y cuando llegaba, lo hacía con poca presión.","La ubicación excelente.
Muy fácil todo el proceso tanto de CheckIn como de ChekOut, como la entrada al hotel y a la habitación.",Viaje de ocio | Grupo de amigos | Apartamento de 1 dormitorio | Estancia de 2 noches | Enviado por móvil,13 comentarios,España
Vitoria,Escrito en 3 de noviembre de 2024,"9,0",Rodriguez,Falta horno,Ubicación y limpieza,Viaje de ocio | Grupo | Apartamento de 1 dormitorio | Estancia de 2 noches | Enviado por móvil,3 comentarios,España
Vitoria,Escrito en 3 de noviembre de 2024,10,Rafael,,Esta impecable y muy bien situado,Viaje de ocio | Pareja | Apartamento de 1 dormitorio | Estancia de 1 noche | Enviado por móvil,,
Vitoria,Escrito en 2 de noviembre de 2024,"8,0",Luque,,Excelente ubicación,Viaje de ocio | Familia con niños pequeños | Apartamento de 1 dormitorio | Estancia de 2 noches | Enviado por móvil,,
Vitoria,Escrito en 2 de noviembre de 2024,"8,0",José,La presión del agua.,Buena atención frente al check-in,Viaje de negocios | Persona que viaja sola | Apartamento Estudio | Estancia de 1 noche,1 comentario,España
Vitoria,Escrito en 2 de noviembre de 2024,"8,0",Patricia,"Quizás el mobiliario está un poco desgastado y poca presión del agua, pero estuvimos a gusto.",La situación y el desayuno.,Viaje de ocio | Pareja | Apartamento de 1 dormitorio | Estancia de 1 noche | Enviado por móvil,25 comentarios,España
Vitoria,Escrito en 30 de octubre de 2024,10,Salvador,,Muy limpio y amplio.,Viaje de ocio | Familia con niños pequeños | Apartamento de 1 dormitorio | Estancia de 1 noche | Enviado por móvil,,
Vitoria,Escrito en 30 de octubre de 2024,"8,0",Alberto,,"Ubicación perfecta centrico y bien comunicado. Apartamento amplio, limpio y con todas las comodidades.",Familia con niños pequeños | Apartamento de 2 dormitorios | Estancia de 1 noche | Enviado por móvil,,
Vitoria,Escrito en 28 de octubre de 2024,"9,0",Carlos,El sofá-cama debería mejorar porque es un poco incómodo. Se hunde mucho por el centro.,"Espacioso apartamento, con todos los utensilios necesarios para la estancia. Ubicación excelente cerca del centro. El parking muy bien el tenerlo en el mismo edificio. El sistema de check-in de apartamento y parking de los que yo dudaba funcionó perfectamente, y a una duda que se nos planteó, en cuanto nos comunicamos por teléfono contestaron inmediatamente.",Viaje de ocio | Familia con niños pequeños | Apartamento de 1 dormitorio | Estancia de 2 noches,86 comentarios,España
Vitoria,Escrito en 28 de octubre de 2024,"8,0",Rafael,,Buena localizacion con aparcamiento blanco cerca. Era un studio completo con todo lo necesario para una estancia de varios dias.,Viaje de ocio | Familia con niños pequeños | Apartamento de 1 dormitorio | Estancia de 1 noche | Enviado por móvil,,
Vitoria,Escrito en 25 de septiembre de 2024,"7,0",Maiquez,"El sofá cama incomodísimo, a pesar de utilizarlo dos niños con poco peso se hundía.","La ubicación a 5 minutos a pie de la plaza del ayuntamiento.
Apartamento limpio y bien equipado.",Viaje de ocio | Familia con niños pequeños | Apartamento de 1 dormitorio | Estancia de 2 noches | Enviado por móvil,4 comentarios,España
Vitoria,Escrito en 24 de septiembre de 2024,10,Jose,,La situación y las instalaciones en general.,Viaje de ocio | Pareja | Apartamento Estudio | Estancia de 1 noche | Enviado por móvil,,
Vitoria,Escrito en 24 de septiembre de 2024,"8,0",Tamara,Que la tv no tuviera smart tv. Algo de ruido por las noches en la calle porque hay un pub debajo.,"Las instalaciones amplias y limpias.
Ubicación perfecta, cerca del centro y fácil aparcar",Viaje de ocio | Pareja | Apartamento de 1 dormitorio | Estancia de 2 noches | Enviado por móvil,51 comentarios,España
Vitoria,Escrito en 23 de septiembre de 2024,"7,0",Diaz,Se oye a los vecinos,Estaba limpio,Viaje de ocio | Pareja | Apartamento Estudio | Estancia de 3 noches | Enviado por móvil,5 comentarios,España
Vitoria,Escrito en 22 de septiembre de 2024,"8,0",Ana,el cubre colchones tenía 1 mancha de sangre seca y estaba amarillento,El lavabo muy amplio,Viaje de ocio | Familia con niños pequeños | Apartamento de 1 dormitorio | Estancia de 2 noches | Enviado por móvil,8 comentarios,España
Vitoria,Escrito en 22 de septiembre de 2024,10,Nicolai,"Si viajas con mascota, el precio de 20€/noche me parece excesivo, a pesar de que es de los pocos sitios donde te dejan una cama para el animal, comedero y bebedero","Las habitaciones son amplias y muy cómodas, con todo tipo de accesorios. Te dejan un kit de bienvenida con agua y un snack.",Viaje de ocio | Pareja | Apartamento Estudio | Estancia de 1 noche | Enviado por móvil,52 comentarios,España
Vitoria,Escrito en 21 de septiembre de 2024,"9,0",Paloma,,La ubicación y lo completo que era el apartamento,Viaje de ocio | Familia con niños pequeños | Apartamento de 1 dormitorio | Estancia de 1 noche | Enviado por móvil,,
Vitoria,Escrito en 21 de septiembre de 2024,10,Paloma,--,"El apartamento tenía 2 habitaciones y 2 baños, todo impoluto y muy amplio. La cocina completamente equipada. Nos ha parecido tranquilo y las camas comodísimas. Muy bien situado para visitar la ciudad, facilidad de aparcamiento gratuito en los alrededores. Nos hemos quedado encantados con nuestra estancia.",Viaje de ocio | Familia con niños pequeños | Apartamento de 2 dormitorios | Estancia de 1 noche | Enviado por móvil,57 comentarios,España
Vitoria,Escrito en 21 de septiembre de 2024,"9,0",Antonio,,fuimos con mascota y muy comodo el parquing en el mismo edificio,Viaje de ocio | Grupo | Apartamento de 1 dormitorio | Estancia de 1 noche | Enviado por móvil,,
Vitoria,Escrito en 21 de septiembre de 2024,10,Yosleidy,Que la ducha no tenía buen desagüe y el agua se estancaba,"Lo limpio, cómodo y céntrico que estaba",Viaje de ocio | Familia con niños pequeños | Apartamento de 1 dormitorio | Estancia de 2 noches | Enviado por móvil,10 comentarios,España
Vitoria,Escrito en 21 de septiembre de 2024,"8,0",Pedro,Sofá cama incómodo no se notaba estable y faltaba cabecera para la 3 persona,Buena ubicacion,Viaje de ocio | Familia con niños pequeños | Apartamento de 1 dormitorio | Estancia de 2 noches | Enviado por móvil,13 comentarios,España
Vitoria,Escrito en 21 de septiembre de 2024,10,Chelo,"Que no haya empleados, hubo una chica cuando llegamos que nos ayudó con un problema con la tele y ya, nunca vimos a nadie más. La tele dejó  de funcionar al día siguiente.. El sofá cama incomodísimo",Las sábanas de algodón y el desayuno,Viaje de ocio | Familia con niños pequeños | Apartamento de 2 dormitorios | Estancia de 2 noches | Enviado por móvil,12 comentarios,España
Vitoria,Escrito en 20 de septiembre de 2024,10,Fabian,Que no podías usar el aire acondicionado en modo frío porque me contestaron que ya estaban en periodo invernal,Estaba todo impecable,Viaje de ocio | Pareja | Apartamento de 1 dormitorio | Estancia de 5 noches | Enviado por móvil,160 comentarios,Argentina
Vitoria,Escrito en 20 de septiembre de 2024,"8,0",Toni,El baño se inunda cuando te duchas,Apartamento muy completo para el precio,Viaje de ocio | Familia con niños pequeños | Apartamento Estudio | Estancia de 1 noche | Enviado por móvil,29 comentarios,España
Vitoria,Escrito en 18 de septiembre de 2024,"9,0",Maria,Colchones un poco duros,La ubicación y limpieza,Viaje de ocio | Pareja | Apartamento Estudio | Estancia de 3 noches | Enviado por móvil,3 comentarios,España
Vitoria,Escrito en 18 de septiembre de 2024,"9,0",Luis,Nada,"Ubicación excelente, confort, limpieza, supermercado justo al lado, transporte público casi en la puerta.",Viaje de ocio | Pareja | Apartamento de 1 dormitorio | Estancia de 2 noches | Enviado por móvil,18 comentarios,España
Vitoria,Escrito en 18 de septiembre de 2024,10,Susana,El sillón cama muy incómodo,"El apartamento está genial con todo lo que puedas necesitar , tiene una ubicación buenísima estás en el casco histórico en 10 minutos.",Viaje de ocio | Familia con niños pequeños | Apartamento de 1 dormitorio | Estancia de 2 noches | Enviado por móvil,2 comentarios,España
Vitoria,Escrito en 17 de septiembre de 2024,"9,0",Elia,,"La situación, la limpieza y la comodidad.",Viaje de ocio | Familia con niños pequeños | Apartamento de 1 dormitorio | Estancia de 1 noche | Enviado por móvil,,
Vitoria,Escrito en 17 de septiembre de 2024,10,Iratibelas1,,"Es la segunda vez que me quedo aquí y todo genial. El regalo de llegada, un detalle!",Viaje de ocio | Persona que viaja sola | Apartamento Estudio | Estancia de 1 noche | Enviado por móvil,,
Vitoria,Escrito en 17 de septiembre de 2024,10,Adela,Encontrar algunos pelos de mascotas en las colchas,"Muy nuevo y limpio, y las toallas muy suaves, un gusto secarse con ellas.",Viaje de ocio | Pareja | Apartamento de 1 dormitorio | Estancia de 1 noche | Enviado por móvil,24 comentarios,España
Vitoria,Escrito en 17 de septiembre de 2024,10,Ana,Nada,Todo y el regalo de bienvenida han sorpresa!,Viaje de ocio | Familia con niños pequeños | Apartamento de 1 dormitorio | Estancia de 1 noche | Enviado por móvil,30 comentarios,España
Vitoria,Escrito en 16 de septiembre de 2024,10,Mª,"Por poner algún ""pero"":
Sofá cama algo incómodo.
Más gel/champú en baño el de la zona de la ducha apenas tenía.","La amabilidad del personal.
Habitaciones muy limpias, baño grande y con toallas de sobra, almohadas muy cómodas.
El detalle del kit de limpieza cocina, patatas y capsulas de café un acierto.
La ubicación, muy buena. El barrio tranquilo, cercano al centro y con todo lo necesario muy cerca, a unos metros un DIA.
Parking con plazas grandes y aparcabas donde querías.
Accesos bien señalizados.",Viaje de ocio | Grupo | Apartamento de 1 dormitorio | Estancia de 2 noches,59 comentarios,España
Vitoria,Escrito en 16 de septiembre de 2024,10,Brian,Moderno y clean.,El piso moderno limpio y cerca del centro. Con todas las comodidades.,Viaje de ocio | Grupo | Apartamento de 1 dormitorio | Estancia de 1 noche | Enviado por móvil,6 comentarios,Reino Unido
Vitoria,Escrito en 16 de septiembre de 2024,"8,0",Sandra,"Éramos un grupo de 4 amigos y a los que nos tocó en el sofá cama, descansamos mal. Era incómodo.","La ubicación, limpieza. Nosotros sólo estuvimos una noche, pero si te quedas más días la cocina es muy completa.",Viaje de ocio | Grupo de amigos | Apartamento de 1 dormitorio | Estancia de 1 noche | Enviado por móvil,37 comentarios,España
Vitoria,Escrito en 16 de septiembre de 2024,"8,0",Fatima,La cama del sofá hacía mucho ruido.,"El apartamento es agradable y tiene todo lo necesario para tener una buena estancia 
El pack de bienvenida.",Viaje de ocio | Grupo | Apartamento de 1 dormitorio | Estancia de 1 noche | Enviado por móvil,24 comentarios,España
